insert  into Category values (1, 'Front-End'), (2, 'Back-end'), (3, 'Banco de Dados'),(4, 'Gestão de Projetos'), (5, 'Programação');

 insert into videos (videoid, videotitle, categoryid, videothumb) values ('c34zylllg3Y',	'Phyton para iniciantes', 1, '../../../assets/img/python.jpg');
 insert into videos (videoid, videotitle, categoryid, videothumb) values ('c3szylllg3Y',	'Phyton para iniciantes', 1, '../../../assets/img/python.jpg');
 insert into videos (videoid, videotitle, categoryid, videothumb) values ('cbszylllg3Y', 'Phyton para iniciantes', 2, '../../../assets/img/python.jpg');
 insert into videos (videoid, videotitle, categoryid, videothumb) values ('K2py5U8aseU', 'Introdução ao SQL', 1, '../../../assets/img/sql.jpg');
 insert into videos (videoid, videotitle, categoryid, videothumb) values ('K24y5U8aseU', 'Introdução ao SQL', 1, '../../../assets/img/sql.jpg');
 insert into videos (videoid, videotitle, categoryid, videothumb) values ('q537MQk3B7Q', 'Fundamentos do HTML5', 1, '../../../assets/img/html.jpg');
 insert into videos (videoid, videotitle, categoryid, videothumb) values ('q5f7MQk3B7Q', 'Fundamentos do HTML5', 1, '../../../assets/img/html.jpg');
 insert into videos (videoid, videotitle, categoryid, videothumb) values ('KOpy5U8aseU', 'Introdução ao SQL', 3, '../../../assets/img/sql.jpg');
 insert into videos (videoid, videotitle, categoryid, videothumb) values ('q4f7MQk3B7Q', 'Fundamentos do HTML5', 1, '../../../assets/img/html.jpg');
 insert into videos (videoid, videotitle, categoryid, videothumb) values ('q2f7MQk3B7Q', 'Fundamentos do HTML5', 1 , '../../../assets/img/html.jpg');
 insert into videos (videoid, videotitle, categoryid, videothumb) values ('q9f7MQk3B7Q', 'Fundamentos do HTML5', 1, '../../../assets/img/html.jpg');

 insert into roles (roleid, rolename) values ('CO1','USER'), ('CO2','Company');
