insert  into Category values (1, 'Front-End'), (2, 'Back-end'), (3, 'Banco de Dados'),(4, 'Gestão de Projetos'), (5, 'Programação');

insert into Category values(7,'Java');
insert into Category values(8,'Web');
insert into Category values(11,'Angular');
insert into Category values(9,'Spring Boot');
insert into Category values(10,'Spring Security');

insert into videos (videoid, videotitle, categoryid, videothumb) values ('c34zylllg3Y', 'Phyton para iniciantes', 1, 'https://dl.dropboxusercontent.com/scl/fi/zaidu4jslxgtqywekktxm/python.jpg?rlkey=3nvawadxkvwxen7au1uovtich&st=4atzy3f1');
insert into videos (videoid, videotitle, categoryid, videothumb) values ('c3szylllg3Y', 'Phyton para iniciantes', 1, 'https://dl.dropboxusercontent.com/scl/fi/zaidu4jslxgtqywekktxm/python.jpg?rlkey=3nvawadxkvwxen7au1uovtich&st=4atzy3f1g');
insert into videos (videoid, videotitle, categoryid, videothumb) values ('cbszylllg3Y', 'Phyton para iniciantes', 2, 'https://dl.dropboxusercontent.com/scl/fi/zaidu4jslxgtqywekktxm/python.jpg?rlkey=3nvawadxkvwxen7au1uovtich&st=4atzy3f1');
insert into videos (videoid, videotitle, categoryid, videothumb) values ('K2py5U8aseU', 'Introdução ao SQL', 1, 'https://dl.dropboxusercontent.com/scl/fi/vgluvxe33879njzevzaau/sql.jpg?rlkey=zjmab95948pyiqyflt2f5zy8x&st=t1ahyare&');
insert into videos (videoid, videotitle, categoryid, videothumb) values ('K24y5U8aseU', 'Introdução ao SQL', 1, 'https://dl.dropboxusercontent.com/scl/fi/vgluvxe33879njzevzaau/sql.jpg?rlkey=zjmab95948pyiqyflt2f5zy8x&st=t1ahyare&');
insert into videos (videoid, videotitle, categoryid, videothumb) values ('q537MQk3B7Q', 'Fundamentos do HTML5', 1, 'https://dl.dropboxusercontent.com/scl/fi/51sw3im9pf5a71b9n3qf8/1.png?rlkey=xlzt1awq9dmiy9zjdkocdftuw&st=mem6xizc&');
insert into videos (videoid, videotitle, categoryid, videothumb) values ('q5f7MQk3B7Q', 'Fundamentos do HTML5', 1, 'https://dl.dropboxusercontent.com/scl/fi/51sw3im9pf5a71b9n3qf8/1.png?rlkey=xlzt1awq9dmiy9zjdkocdftuw&st=mem6xizc&');
insert into videos (videoid, videotitle, categoryid, videothumb) values ('KOpy5U8aseU', 'Introdução ao SQL', 3, 'https://dl.dropboxusercontent.com/scl/fi/vgluvxe33879njzevzaau/sql.jpg?rlkey=zjmab95948pyiqyflt2f5zy8x&st=t1ahyare&');
insert into videos (videoid, videotitle, categoryid, videothumb) values ('q4f7MQk3B7Q', 'Fundamentos do HTML5', 1, 'https://dl.dropboxusercontent.com/scl/fi/51sw3im9pf5a71b9n3qf8/1.png?rlkey=xlzt1awq9dmiy9zjdkocdftuw&st=mem6xizc&');
insert into videos (videoid, videotitle, categoryid, videothumb) values ('q2f7MQk3B7Q', 'Fundamentos do HTML5', 1 , 'https://dl.dropboxusercontent.com/scl/fi/51sw3im9pf5a71b9n3qf8/1.png?rlkey=xlzt1awq9dmiy9zjdkocdftuw&st=mem6xizc&');
insert into videos (videoid, videotitle, categoryid, videothumb) values ('q9f7MQk3B7Q', 'Fundamentos do HTML5', 1, 'https://dl.dropboxusercontent.com/scl/fi/51sw3im9pf5a71b9n3qf8/1.png?rlkey=xlzt1awq9dmiy9zjdkocdftuw&st=mem6xizc&');

 insert into roles (roleid, rolename) values ('CO1','USER'), ('CO2','Company');


INSERT INTO tests (testid, testtitle, testdescriptionlong, testdescriptionshort, badgeurl) VALUES ('J01', 'Java Básico', 'Este teste avalia conhecimentos básicos de programação em Java.', 'Conhecimentos básicos de Java','https://dl.dropboxusercontent.com/scl/fi/1cubif74mt6j01jmgnopi/java.png?rlkey=q1pws1r4wdax9rozdiazgdtdw&st=cb4rqpzg&');
INSERT INTO tests (testid, testtitle, testdescriptionlong, testdescriptionshort, badgeurl) VALUES ('J02', 'Java POO', 'Este teste avalia conhecimentos de Programação Orientada a Objetos em Java.', 'POO em Java','https://dl.dropboxusercontent.com/scl/fi/1cubif74mt6j01jmgnopi/java.png?rlkey=q1pws1r4wdax9rozdiazgdtdw&st=cb4rqpzg&');
INSERT INTO tests (testid, testtitle, testdescriptionlong, testdescriptionshort, badgeurl) VALUES ('J03', 'Java Collections', 'Este teste avalia conhecimentos sobre estruturas de dados e coleções em Java.', 'Coleções em Java', 'https://dl.dropboxusercontent.com/scl/fi/1cubif74mt6j01jmgnopi/java.png?rlkey=q1pws1r4wdax9rozdiazgdtdw&st=cb4rqpzg&');
INSERT INTO tests (testid, testtitle, testdescriptionlong, testdescriptionshort) VALUES ('W01', 'Fundamentos Web', 'Este teste avalia conhecimentos básicos sobre desenvolvimento web.', 'Fundamentos do desenvolvimento web');
INSERT INTO tests (testid, testtitle, testdescriptionlong, testdescriptionshort) VALUES ('W02', 'HTML & CSS', 'Este teste avalia conhecimentos sobre HTML e CSS para desenvolvimento web.', 'HTML e CSS para web');
INSERT INTO tests (testid, testtitle, testdescriptionlong, testdescriptionshort, badgeurl) VALUES ('SB01', 'Introdução ao Spring Boot', 'Este teste avalia conhecimentos introdutórios sobre o framework Spring Boot.', 'Introdução ao Spring Boot','https://dl.dropboxusercontent.com/scl/fi/8o5ic2w95vkvu6klrgbiw/spring-iconBase.png?rlkey=pa7yjx7s4st4zkzdloqr818v2&st=ozb2ytha&');
INSERT INTO tests (testid, testtitle, testdescriptionlong, testdescriptionshort, badgeurl) VALUES ('SB02', 'Spring Boot Avançado', 'Este teste avalia conhecimentos avançados sobre o framework Spring Boot.', 'Conhecimentos avançados sobre Spring Boot','https://dl.dropboxusercontent.com/scl/fi/8o5ic2w95vkvu6klrgbiw/spring-iconBase.png?rlkey=pa7yjx7s4st4zkzdloqr818v2&st=ozb2ytha&');
INSERT INTO tests (testid, testtitle, testdescriptionlong, testdescriptionshort, badgeurl) VALUES ('SS01', 'Introdução ao Spring Security', 'Este teste avalia conhecimentos introdutórios sobre o framework Spring Security.', 'Introdução ao Spring Security','https://dl.dropboxusercontent.com/scl/fi/xclywqiy09u0nel7q44x6/Spring-Security.png?rlkey=jz4neopxkz2l9b9akkp4zm5g8&st=twzwb62r&');
INSERT INTO tests (testid, testtitle, testdescriptionlong, testdescriptionshort, badgeurl) VALUES ('SS02', 'Autenticação com Spring Security', 'Este teste avalia conhecimentos sobre autenticação com Spring Security.', 'Autenticação com Spring Security','https://dl.dropboxusercontent.com/scl/fi/xclywqiy09u0nel7q44x6/Spring-Security.png?rlkey=jz4neopxkz2l9b9akkp4zm5g8&st=twzwb62r&');
INSERT INTO tests (testid, testtitle, testdescriptionlong, testdescriptionshort, badgeurl) VALUES ('A01', 'Introdução ao Angular', 'Este teste avalia conhecimentos introdutórios sobre o framework Angular.', 'Introdução ao Angular','https://dl.dropboxusercontent.com/scl/fi/thhwpz22317t8okn7o899/Angular-iconBase.png?rlkey=ogcamvzkchden6yutal0uje36&st=uqmpu8jn&');
INSERT INTO tests (testid, testtitle, testdescriptionlong, testdescriptionshort, badgeurl) VALUES ('A02', 'Componentes Angular', 'Este teste avalia conhecimentos sobre componentes no framework Angular.', 'Componentes no Angular','https://dl.dropboxusercontent.com/scl/fi/thhwpz22317t8okn7o899/Angular-iconBase.png?rlkey=ogcamvzkchden6yutal0uje36&st=uqmpu8jn&');


INSERT INTO testscategory (categoryid, testid) VALUES (7, 'J01');
INSERT INTO testscategory (categoryid, testid) VALUES (7, 'J02');
INSERT INTO testscategory (categoryid, testid) VALUES (7, 'J03');
INSERT INTO testscategory (categoryid, testid) VALUES (8, 'W01');
INSERT INTO testscategory (categoryid, testid) VALUES (8, 'W02');
INSERT INTO testscategory (categoryid, testid) VALUES (9, 'SB01');
INSERT INTO testscategory (categoryid, testid) VALUES (9, 'SB02');
INSERT INTO testscategory (categoryid, testid) VALUES (10, 'SS01');
INSERT INTO testscategory (categoryid, testid) VALUES (10, 'SS02');
INSERT INTO testscategory (categoryid, testid) VALUES (11, 'A01');
INSERT INTO testscategory (categoryid, testid) VALUES (11, 'A02');

INSERT INTO question (questionid, questiontext, questionimage, testid) VALUES (1,'Qual é a saída do código: System.out.println(\"Hello, World!\"); ?',NULL,'J01'),(2,'O que significa JVM?',NULL,'J01'),(3,'Qual é o operador usado para atribuição em Java?',NULL,'J01'),(4,'O que é um método em Java?',NULL,'J01'),(5,'Qual é a extensão de arquivos de código-fonte em Java?',NULL,'J01'),(6,'Como se chama o processo de converter código-fonte Java em bytecode?',NULL,'J01'),(7,'Qual é a função do operador \"+\" em Java?',NULL,'J01'),(8,'Qual é a classe principal em um programa Java?',NULL,'J01'),(9,'Como você declara uma variável em Java?',NULL,'J01'),(10,'O que significa a palavra-chave \"static\" em Java?',NULL,'J01'),(11,'Qual é o valor padrão do tipo de dados booleano em Java?',NULL,'J01'),(12,'Como você imprime uma mensagem para o console em Java?',NULL,'J01'),(13,'Qual é o operador de igualdade em Java?',NULL,'J01'),(14,'Como você compila um programa Java?',NULL,'J01'),(15,'O que é um comentário em Java?',NULL,'J01'),(16,'O que é polimorfismo em Java?',NULL,'J02'),(17,'O que é encapsulamento em Java?',NULL,'J02'),(18,'O que é herança em Java?',NULL,'J02'),(19,'O que é sobrescrita de método em Java?',NULL,'J02'),(20,'O que é sobrecarga de método em Java?',NULL,'J02'),(21,'O que é uma classe em Java?',NULL,'J02'),(22,'O que é um objeto em Java?',NULL,'J02'),(23,'O que é um construtor em Java?',NULL,'J02'),(24,'O que é uma interface em Java?',NULL,'J02'),(25,'O que é uma classe abstrata em Java?',NULL,'J02'),(26,'O que é composição em Java?',NULL,'J02'),(27,'O que é uma superclasse em Java?',NULL,'J02'),(28,'O que é uma subclasse em Java?',NULL,'J02'),(29,'O que é um método em Java?',NULL,'J02'),(30,'O que é um atributo em Java?',NULL,'J02'),(31,'Qual é a saída do código a seguir?\n\npublic class Main {\n    public static void main(String[] args) {\n        System.out.println(5 + 3 + \"result\");\n    }\n}',NULL,'J02'),(32,'O que é o conceito de herança múltipla e por que Java não suporta?',NULL,'J02'),(33,'O que é um método abstrato em Java?',NULL,'J02'),(34,'O que é Angular?',NULL,'A01'),(35,'Quais são as vantagens do Angular?',NULL,'A01'),(36,'O que são módulos em Angular?',NULL,'A01'),(37,'O que são componentes em Angular?',NULL,'A01'),(38,'O que é data binding em Angular?',NULL,'A01'),(39,'O que é diretiva em Angular?',NULL,'A01'),(40,'O que é um serviço em Angular?',NULL,'A01'),(41,'O que é injeção de dependência em Angular?',NULL,'A01'),(42,'O que é roteamento em Angular?',NULL,'A01'),(43,'O que é HTTP Client em Angular?',NULL,'A01'),(44,'O que são pipes em Angular?',NULL,'A01'),(45,'O que é um formulário em Angular?',NULL,'A01'),(46,'O que é lazy loading em Angular?',NULL,'A01'),(47,'O que é testing em Angular?',NULL,'A01'),(48,'O que é Angular CLI?',NULL,'A01'),(49,'O que é Spring Boot?',NULL,'SB01'),(50,'Quais são as principais características do Spring Boot?',NULL,'SB01'),(51,'O que é auto-configuration em Spring Boot?',NULL,'SB01'),(52,'O que é o Spring Initializr?',NULL,'SB01'),(53,'O que é Spring Data JPA em Spring Boot?',NULL,'SB01'),(54,'O que é Spring Security em Spring Boot?',NULL,'SB01'),(55,'O que é Spring Actuator em Spring Boot?',NULL,'SB01'),(56,'O que é Spring Boot DevTools?',NULL,'SB01'),(57,'O que é o Spring Boot Starter?',NULL,'SB01'),(58,'O que é o Spring Boot CLI?',NULL,'SB01'),(59,'O que é Spring Boot Admin?',NULL,'SB01'),(60,'O que é Spring Boot Test?',NULL,'SB01'),(61,'O que é Spring Boot Maven Plugin?',NULL,'SB01'),(62,'O que é Spring Boot Actuator?',NULL,'SB01'),(63,'O que é Spring Boot Data REST?',NULL,'SB01'),(64,'O que é Spring Boot Actuator Endpoint?',NULL,'SB01'),(65,'O que é Spring Boot Configuration Processor?',NULL,'SB01'),(66,'O que é Spring Security?',NULL,'SS01'),(67,'Quais são os principais recursos oferecidos pelo Spring Security?',NULL,'SS01'),(68,'O que é autenticação em Spring Security?',NULL,'SS01'),(69,'O que é autorização em Spring Security?',NULL,'SS01'),(70,'O que é um UserDetails em Spring Security?',NULL,'SS01'),(71,'O que é um GrantedAuthority em Spring Security?',NULL,'SS01'),(72,'O que é um AuthenticationProvider em Spring Security?',NULL,'SS01'),(73,'O que é um UserDetailsService em Spring Security?',NULL,'SS01'),(74,'O que é um PasswordEncoder em Spring Security?',NULL,'SS01'),(75,'O que é CSRF em Spring Security?',NULL,'SS01'),(76,'O que é JWT em Spring Security?',NULL,'SS01'),(77,'O que é Spring Security OAuth2?',NULL,'SS01'),(78,'O que é uma Role em Spring Security?',NULL,'SS01'),(79,'O que é Remember-Me Authentication em Spring Security?',NULL,'SS01'),(80,'O que é Spring Security ACL?',NULL,'SS01'),(81,'O que é Spring Security LDAP?',NULL,'SS01'),(82,'O que é Spring Security SAML?',NULL,'SS01'),(83,'O que é Spring Security CAS?',NULL,'SS01'),(84,'O que é Spring Security Kerberos?',NULL,'SS01'),(85,'O que é Spring Security Web Security Expressions?',NULL,'SS01');

INSERT INTO answer (answerid, answertext, answerpoints, questionid) VALUES (1,'Hello, World!',5,1),(2,'Hello',0,1),(3,'World',0,1),(4,'0',0,1),(5,'1',0,1),(6,'Java Virtual Machine',5,2),(7,'Java Virtual Memory',0,2),(8,'Java Variable Machine',0,2),(9,'Java Virtual Model',0,2),(10,'Java Variable Memory',0,2),(11,'=',5,3),(12,'==',0,3),(13,'=>',0,3),(14,'<=',0,3),(15,':=',0,3),(16,'Um bloco de código que executa uma ação específica',5,4),(17,'Um objeto',0,4),(18,'Uma variável',0,4),(19,'Um loop',0,4),(20,'Um condicional',0,4),(21,'.java',5,5),(22,'.class',0,5),(23,'.jar',0,5),(24,'.exe',0,5),(25,'.xml',0,5),(26,'Compilação',5,6),(27,'Interpretação',0,6),(28,'Execução',0,6),(29,'Depuração',0,6),(30,'Transformação',0,6),(31,'Concatenar strings',5,7),(32,'Realizar adição aritmética',0,7),(33,'Atribuição',0,7),(34,'Comparação de valores',0,7),(35,'Nenhuma das anteriores',0,7),(36,'public',0,8),(37,'static',0,8),(38,'main',0,8),(39,'void',0,8),(40,'Não há uma classe principal específica',5,8),(41,'int x = 5;',5,9),(42,'String x = \"Hello\";',0,9),(43,'boolean x = true;',0,9),(44,'double x = 3.14;',0,9),(45,'float x = 2.0;',0,9),(46,'Indica que o método ou campo pertence à classe, e não a instâncias individuais',5,10),(47,'Indica que o método ou campo é dinâmico',0,10),(48,'Indica que o método ou campo é privado',0,10),(49,'Indica que o método ou campo é público',0,10),(50,'Indica que o método ou campo é final',0,10),(51,'false',5,11),(52,'true',0,11),(53,'0',0,11),(54,'1',0,11),(55,'null',0,11),(56,'System.out.println()',5,12),(57,'print()',0,12),(58,'console.log()',0,12),(59,'printf()',0,12),(60,'write()',0,12),(61,'==',5,13),(62,'=',0,13),(63,'!=',0,13),(64,'<',0,13),(65,'>',0,13),(66,'javac',5,14),(67,'java',0,14),(68,'compile',0,14),(69,'run',0,14),(70,'execute',0,14),(71,'Uma explicação no código que não é executada',5,15),(72,'Um erro no código',0,15),(73,'Uma variável',0,15),(74,'Uma instrução condicional',0,15),(75,'Um loop',0,15),(76,'Capacidade de um objeto se comportar de múltiplas formas',5,16),(77,'Encapsulamento de métodos e atributos',0,16),(78,'Herança de classes em Java',0,16),(79,'Métodos com o mesmo nome, mas com diferentes parâmetros',0,16),(80,'Nenhuma das anteriores',0,16),(81,'Ocultação dos detalhes de implementação de uma classe',5,17),(82,'Capacidade de uma classe herdar características de outra',0,17),(83,'Capacidade de uma classe conter instâncias de outra classe',0,17),(84,'Capacidade de uma classe implementar uma interface',0,17),(85,'Nenhuma das anteriores',0,17),(86,'Capacidade de uma classe herdar características de outra classe',5,18),(87,'Capacidade de uma classe encapsular seus métodos e atributos',0,18),(88,'Capacidade de uma classe conter instâncias de outra classe',0,18),(89,'Capacidade de uma classe implementar uma interface',0,18),(90,'Nenhuma das anteriores',0,18),(91,'Método sem implementação, que deve ser sobrescrito nas classes filhas',5,19),(92,'Método público em Java',0,19),(93,'Método que não pode ser sobrescrito',0,19),(94,'Método que só pode ser acessado pela classe que o define',0,19),(95,'Nenhuma das anteriores',0,19),(96,'Método com o mesmo nome, mas com diferentes parâmetros',5,20),(97,'Método sem implementação, que deve ser sobrescrito nas classes filhas',0,20),(98,'Método que não pode ser sobrescrito',0,20),(99,'Método que só pode ser acessado pela classe que o define',0,20),(100,'Nenhuma das anteriores',0,20),(101,'Conjunto de dados e métodos que descrevem o comportamento de um objeto',5,21),(102,'Instância de uma classe em Java',0,21),(103,'Construtor padrão de uma classe',0,21),(104,'Método abstrato em Java',0,21),(105,'Nenhuma das anteriores',0,21),(106,'Instância de uma classe em Java',5,22),(107,'Conjunto de dados e métodos que descrevem o comportamento de um objeto',0,22),(108,'Construtor padrão de uma classe',0,22),(109,'Método abstrato em Java',0,22),(110,'Nenhuma das anteriores',0,22),(111,'Método especial que é chamado no momento da criação de um objeto',5,23),(112,'Método que não pode ser acessado pela classe que o define',0,23),(113,'Método que só pode ser acessado pela classe que o define',0,23),(114,'Método sem implementação, que deve ser sobrescrito nas classes filhas',0,23),(115,'Nenhuma das anteriores',0,23),(116,'Contrato que especifica um conjunto de métodos que uma classe deve implementar',5,24),(117,'Conjunto de dados e métodos que descrevem o comportamento de um objeto',0,24),(118,'Construtor padrão de uma classe',0,24),(119,'Método abstrato em Java',0,24),(120,'Nenhuma das anteriores',0,24),(121,'Classe que não pode ser instanciada diretamente, somente suas subclasses podem ser instanciadas',5,25),(122,'Classe que pode ser instanciada diretamente, sem necessidade de subclasses',0,25),(123,'Classe que não pode ser herdada',0,25),(124,'Classe que não pode conter métodos abstratos',0,25),(125,'Nenhuma das anteriores',0,25),(126,'Classe que herda características de outra classe',5,26),(127,'Classe que é herdada por outra classe',0,26),(128,'Classe que contém métodos abstratos',0,26),(129,'Classe que não pode ser instanciada diretamente',0,26),(130,'Nenhuma das anteriores',0,26),(131,'Método que define o comportamento de um objeto',5,27),(132,'Conjunto de dados que descreve o estado de um objeto',0,27),(133,'Conjunto de dados e métodos que descrevem o comportamento de um objeto',0,27),(134,'Método que não pode ser acessado pela classe que o define',0,27),(135,'Nenhuma das anteriores',0,27),(136,'Conjunto de dados que descreve o estado de um objeto',5,28),(137,'Método que define o comportamento de um objeto',0,28),(138,'Conjunto de dados e métodos que descrevem o comportamento de um objeto',0,28),(139,'Método que não pode ser acessado pela classe que o define',0,28),(140,'Nenhuma das anteriores',0,28),(141,'Capacidade de uma classe conter instâncias de outra classe',5,29),(142,'Capacidade de uma classe encapsular seus métodos e atributos',0,29),(143,'Capacidade de uma classe herdar características de outra classe',0,29),(144,'Capacidade de uma classe implementar uma interface',0,29),(145,'Nenhuma das anteriores',0,29),(146,'Método que recebe uma instância de outra classe como argumento',5,30),(147,'Método que não pode ser acessado pela classe que o define',0,30),(148,'Método que só pode ser acessado pela classe que o define',0,30),(149,'Método sem implementação, que deve ser sobrescrito nas classes filhas',0,30),(150,'Nenhuma das anteriores',0,30),(151,'Conjunto de dados e métodos que descrevem o comportamento de um objeto',5,31),(152,'Instância de uma classe em Java',0,31),(153,'Construtor padrão de uma classe',0,31),(154,'Método abstrato em Java',0,31),(155,'Nenhuma das anteriores',0,31),(156,'Conjunto de dados que descreve o estado de um objeto',5,32),(157,'Método que define o comportamento de um objeto',0,32),(158,'Conjunto de dados e métodos que descrevem o comportamento de um objeto',0,32),(159,'Método que não pode ser acessado pela classe que o define',0,32),(160,'Nenhuma das anteriores',0,32),(161,'Capacidade de um objeto se comportar de múltiplas formas',5,33),(162,'Encapsulamento de métodos e atributos',0,33),(163,'Herança de classes em Java',0,33),(164,'Métodos com o mesmo nome, mas com diferentes parâmetros',0,33),(165,'Nenhuma das anteriores',0,33),(166,'Framework JavaScript para criação de aplicativos de uma única página (SPA)',5,34),(167,'Framework CSS para estilização de páginas web',0,34),(168,'Plataforma de desenvolvimento web em Java',0,34),(169,'Biblioteca JavaScript para manipulação do DOM',0,34),(170,'Nenhuma das anteriores',0,34),(171,'Produtividade, performance, robustez e comunidade ativa',5,35),(172,'Facilidade de aprendizado e inexistência de bugs',0,35),(173,'Facilidade de integração com outras tecnologias',0,35),(174,'Compatibilidade com todos os navegadores',0,35),(175,'Nenhuma das anteriores',0,35),(176,'Blocos de funcionalidades independentes e reutilizáveis em Angular',5,36),(177,'Componentes CSS em Angular',0,36),(178,'Arquivos de configuração em Angular',0,36),(179,'Diretivas em Angular',0,36),(180,'Nenhuma das anteriores',0,36),(181,'Elementos visuais com funcionalidades e estilos próprios',5,37),(182,'Partes do código JavaScript',0,37),(183,'Componentes de banco de dados',0,37),(184,'Classes CSS em Angular',0,37),(185,'Nenhuma das anteriores',0,37),(186,'Mecanismo de sincronização de dados entre o modelo e a visualização',5,38),(187,'Processo de associar eventos do usuário a métodos da classe',0,38),(188,'Ligação de dados entre componentes',0,38),(189,'Forma de declarar estilos CSS em Angular',0,38),(190,'Nenhuma das anteriores',0,38),(191,'Instruções para manipular o DOM ou o comportamento de um componente',5,39),(192,'Partes do código JavaScript',0,39),(193,'Classes CSS em Angular',0,39),(194,'Componentes de banco de dados',0,39),(195,'Nenhuma das anteriores',0,39),(196,'Objetos que encapsulam uma funcionalidade específica e podem ser injetados em componentes',5,40),(197,'Componentes de banco de dados',0,40),(198,'Diretivas em Angular',0,40),(199,'Elementos visuais com funcionalidades e estilos próprios',0,40),(200,'Nenhuma das anteriores',0,40),(201,'Processo de fornecer uma instância de uma dependência a uma classe que a solicita',5,41),(202,'Mecanismo de sincronização de dados entre o modelo e a visualização',0,41),(203,'Ligação de dados entre componentes',0,41),(204,'Instruções para manipular o DOM ou o comportamento de um componente',0,41),(205,'Nenhuma das anteriores',0,41),(206,'Mecanismo de definir rotas para diferentes URLs e carregar o conteúdo correto',5,42),(207,'Diretivas em Angular',0,42),(208,'Mecanismo de sincronização de dados entre o modelo e a visualização',0,42),(209,'Forma de declarar estilos CSS em Angular',0,42),(210,'Nenhuma das anteriores',0,42),(211,'Cliente HTTP para realizar solicitações e receber respostas do servidor',5,43),(212,'Diretivas em Angular',0,43),(213,'Mecanismo de definir rotas para diferentes URLs e carregar o conteúdo correto',0,43),(214,'Processo de fornecer uma instância de uma dependência a uma classe que a solicita',0,43),(215,'Nenhuma das anteriores',0,43),(216,'Pipes permitem transformar dados antes de exibi-los na tela',5,44),(217,'Componentes CSS em Angular',0,44),(218,'Elementos visuais com funcionalidades e estilos próprios',0,44),(219,'Blocos de funcionalidades independentes e reutilizáveis em Angular',0,44),(220,'Nenhuma das anteriores',0,44),(221,'Formulário permite capturar dados do usuário e validá-los antes de enviar para o servidor',5,45),(222,'Componentes de banco de dados',0,45),(223,'Diretivas em Angular',0,45),(224,'Mecanismo de definir rotas para diferentes URLs e carregar o conteúdo correto',0,45),(225,'Nenhuma das anteriores',0,45),(226,'Mecanismo de carregar módulos de forma assíncrona, sob demanda',5,46),(227,'Cliente HTTP para realizar solicitações e receber respostas do servidor',0,46),(228,'Diretivas em Angular',0,46),(229,'Blocos de funcionalidades independentes e reutilizáveis em Angular',0,46),(230,'Nenhuma das anteriores',0,46),(231,'Conjunto de ferramentas de linha de comando para desenvolvimento Angular',5,47),(232,'Diretivas em Angular',0,47),(233,'Elementos visuais com funcionalidades e estilos próprios',0,47),(234,'Blocos de funcionalidades independentes e reutilizáveis em Angular',0,47),(235,'Nenhuma das anteriores',0,47),(236,'Testes unitários, de integração e de aceitação para garantir a qualidade do código',5,48),(237,'Cliente HTTP para realizar solicitações e receber respostas do servidor',0,48),(238,'Formulário permite capturar dados do usuário e validá-los antes de enviar para o servidor',0,48),(239,'Mecanismo de carregar módulos de forma assíncrona, sob demanda',0,48),(240,'Nenhuma das anteriores',0,48),(241,'Framework que facilita a criação de aplicativos Java baseados em Spring',5,49),(242,'Framework de automação de tarefas em Java',0,49),(243,'Plataforma para desenvolvimento de aplicativos móveis em Java',0,49),(244,'Biblioteca para manipulação de imagens em Java',0,49),(245,'Nenhuma das anteriores',0,49),(246,'Facilidade de configuração e inicialização de projetos Spring',5,50),(247,'Facilidade de compilação de projetos Java',0,50),(248,'Facilidade de instalação de dependências externas',0,50),(249,'Facilidade de integração com frameworks de frontend',0,50),(250,'Nenhuma das anteriores',0,50),(251,'Mecanismo que define automaticamente a configuração do aplicativo com base no classpath',5,51),(252,'Mecanismo para gerenciar dependências de forma manual',0,51),(253,'Mecanismo para automatizar tarefas de compilação',0,51),(254,'Mecanismo para testar aplicativos de forma automatizada',0,51),(255,'Nenhuma das anteriores',0,51),(256,'Ferramenta online para criar projetos Spring rapidamente',5,52),(257,'Ferramenta de autenticação para aplicativos Spring',0,52),(258,'Ferramenta para automatizar tarefas de compilação Spring',0,52),(259,'Ferramenta para testar aplicativos Spring',0,52),(260,'Nenhuma das anteriores',0,52),(261,'Projeto para facilitar a interação com bancos de dados em aplicativos Spring',5,53),(262,'Ferramenta para gerar relatórios em aplicativos Spring',0,53),(263,'Ferramenta para automatizar tarefas de compilação Spring',0,53),(264,'Ferramenta para testar aplicativos Spring',0,53),(265,'Nenhuma das anteriores',0,53),(266,'Projeto para garantir a segurança em aplicativos Spring',5,54),(267,'Ferramenta para monitorar a performance de aplicativos Spring',0,54),(268,'Ferramenta para automatizar tarefas de compilação Spring',0,54),(269,'Ferramenta para testar aplicativos Spring',0,54),(270,'Nenhuma das anteriores',0,54),(271,'Projeto para expor endpoints de gerenciamento e monitoramento em aplicativos Spring Boot',5,55),(272,'Ferramenta para testar aplicativos Spring',0,55),(273,'Ferramenta para automatizar tarefas de compilação Spring',0,55),(274,'Ferramenta para monitorar a performance de aplicativos Spring',0,55),(275,'Nenhuma das anteriores',0,55),(276,'Conjunto de ferramentas para aumentar a produtividade do desenvolvedor em Spring Boot',5,56),(277,'Ferramenta para testar aplicativos Spring',0,56),(278,'Ferramenta para monitorar a performance de aplicativos Spring',0,56),(279,'Ferramenta para gerenciar dependências de aplicativos Spring',0,56),(280,'Nenhuma das anteriores',0,56),(281,'Conjunto de dependências que podem ser incluídas em um projeto Spring Boot para adicionar funcionalidades específicas',5,57),(282,'Conjunto de ferramentas para monitorar a performance de aplicativos Spring Boot',0,57),(283,'Conjunto de ferramentas para testar aplicativos Spring Boot',0,57),(284,'Conjunto de ferramentas para gerenciar dependências de aplicativos Spring Boot',0,57),(285,'Nenhuma das anteriores',0,57),(286,'Conjunto de ferramentas de linha de comando para desenvolvimento Spring Boot',5,58),(287,'Conjunto de dependências que podem ser incluídas em um projeto Spring Boot para adicionar funcionalidades específicas',0,58),(288,'Conjunto de ferramentas para gerenciar dependências de aplicativos Spring Boot',0,58),(289,'Conjunto de ferramentas para testar aplicativos Spring Boot',0,58),(290,'Nenhuma das anteriores',0,58),(291,'Conjunto de ferramentas para testar aplicativos Spring Boot',5,59),(292,'Conjunto de ferramentas para monitorar a performance de aplicativos Spring Boot',0,59),(293,'Conjunto de ferramentas de linha de comando para desenvolvimento Spring Boot',0,59),(294,'Conjunto de ferramentas para gerenciar dependências de aplicativos Spring Boot',0,59),(295,'Nenhuma das anteriores',0,59),(296,'Conjunto de ferramentas para monitorar a performance de aplicativos Spring Boot',5,60),(297,'Conjunto de ferramentas de linha de comando para desenvolvimento Spring Boot',0,60),(298,'Conjunto de ferramentas para testar aplicativos Spring Boot',0,60),(299,'Conjunto de dependências que podem ser incluídas em um projeto Spring Boot para adicionar funcionalidades específicas',0,60),(300,'Nenhuma das anteriores',0,60),(301,'Conjunto de ferramentas para gerenciar dependências de aplicativos Spring Boot',5,61),(302,'Conjunto de ferramentas de linha de comando para desenvolvimento Spring Boot',0,61),(303,'Conjunto de ferramentas para testar aplicativos Spring Boot',0,61),(304,'Conjunto de ferramentas para monitorar a performance de aplicativos Spring Boot',0,61),(305,'Nenhuma das anteriores',0,61),(306,'Módulo do Spring Framework para proteção de aplicativos',5,62),(307,'Módulo do Spring Framework para acesso a dados',0,62),(308,'Módulo do Spring Framework para geração de relatórios',0,62),(309,'Módulo do Spring Framework para integração com outros sistemas',0,62),(310,'Nenhuma das anteriores',0,62),(311,'Biblioteca Java para geração de tokens de autenticação',5,63),(312,'Biblioteca Java para conexão com bancos de dados',0,63),(313,'Biblioteca Java para manipulação de arquivos de imagem',0,63),(314,'Biblioteca Java para execução de tarefas assíncronas',0,63),(315,'Nenhuma das anteriores',0,63),(316,'Mecanismo de autenticação para aplicativos Spring Boot utilizando JSON Web Tokens',5,64),(317,'Mecanismo para armazenar dados em cache em aplicativos Spring Boot',0,64),(318,'Mecanismo para automatizar tarefas de compilação Spring Boot',0,64),(319,'Mecanismo para monitorar a performance de aplicativos Spring Boot',0,64),(320,'Nenhuma das anteriores',0,64),(321,'Conjunto de ferramentas para monitorar a performance de aplicativos Spring Boot',5,65),(322,'Conjunto de ferramentas de linha de comando para desenvolvimento Spring Boot',0,65),(323,'Conjunto de ferramentas para testar aplicativos Spring Boot',0,65),(324,'Conjunto de dependências que podem ser incluídas em um projeto Spring Boot para adicionar funcionalidades específicas',0,65),(325,'Nenhuma das anteriores',0,65),(326,'Framework de segurança para aplicativos Java baseados em Spring',5,66),(327,'Framework para desenvolvimento de aplicativos móveis em Java',0,66),(328,'Plataforma para gerenciamento de usuários em Java',0,66),(329,'Biblioteca para manipulação de imagens em Java',0,66),(330,'Nenhuma das anteriores',0,66),(331,'Controle de acesso e autenticação de usuários em aplicativos Spring',5,67),(332,'Mecanismo para gerar relatórios em aplicativos Spring',0,67),(333,'Mecanismo para armazenar dados em cache em aplicativos Spring',0,67),(334,'Mecanismo para automatizar tarefas de compilação Spring',0,67),(335,'Nenhuma das anteriores',0,67),(336,'Processo de verificação da identidade do usuário em aplicativos Spring',5,68),(337,'Processo para gerar tokens de autenticação em aplicativos Spring',0,68),(338,'Processo para armazenar dados de sessão em aplicativos Spring',0,68),(339,'Processo para gerar relatórios em aplicativos Spring',0,68),(340,'Nenhuma das anteriores',0,68),(341,'Mecanismo para controlar o acesso a recursos em aplicativos Spring',5,69),(342,'Mecanismo para gerar tokens de autenticação em aplicativos Spring',0,69),(343,'Mecanismo para armazenar dados de sessão em aplicativos Spring',0,69),(344,'Mecanismo para automatizar tarefas de compilação Spring',0,69),(345,'Nenhuma das anteriores',0,69),(346,'Interface para representar detalhes do usuário, como nome, senha e autorizações',5,70),(347,'Mecanismo para controlar o acesso a recursos em aplicativos Spring',0,70),(348,'Mecanismo para gerar tokens de autenticação em aplicativos Spring',0,70),(349,'Mecanismo para armazenar dados de sessão em aplicativos Spring',0,70),(350,'Nenhuma das anteriores',0,70),(351,'Interface para representar as autorizações concedidas a um usuário',5,71),(352,'Mecanismo para controlar o acesso a recursos em aplicativos Spring',0,71),(353,'Mecanismo para gerar tokens de autenticação em aplicativos Spring',0,71),(354,'Mecanismo para armazenar dados de sessão em aplicativos Spring',0,71),(355,'Nenhuma das anteriores',0,71),(356,'Componente responsável por autenticar o usuário em aplicativos Spring',5,72),(357,'Interface para representar as autorizações concedidas a um usuário',0,72),(358,'Mecanismo para gerar tokens de autenticação em aplicativos Spring',0,72),(359,'Mecanismo para armazenar dados de sessão em aplicativos Spring',0,72),(360,'Nenhuma das anteriores',0,72),(361,'Componente responsável por autorizar o acesso a recursos em aplicativos Spring',5,73),(362,'Componente responsável por autenticar o usuário em aplicativos Spring',0,73),(363,'Interface para representar as autorizações concedidas a um usuário',0,73),(364,'Mecanismo para armazenar dados de sessão em aplicativos Spring',0,73),(365,'Nenhuma das anteriores',0,73),(366,'Componente responsável por gerenciar tokens de autenticação em aplicativos Spring',5,74),(367,'Componente responsável por autorizar o acesso a recursos em aplicativos Spring',0,74),(368,'Componente responsável por autenticar o usuário em aplicativos Spring',0,74),(369,'Interface para representar as autorizações concedidas a um usuário',0,74),(370,'Nenhuma das anteriores',0,74),(371,'Componente responsável por armazenar dados de sessão em aplicativos Spring',5,75),(372,'Componente responsável por gerenciar tokens de autenticação em aplicativos Spring',0,75),(373,'Componente responsável por autorizar o acesso a recursos em aplicativos Spring',0,75),(374,'Componente responsável por autenticar o usuário em aplicativos Spring',0,75),(375,'Nenhuma das anteriores',0,75),(376,'Conjunto de regras para determinar se um usuário está autorizado a acessar um recurso',5,76),(377,'Componente responsável por armazenar dados de sessão em aplicativos Spring',0,76),(378,'Componente responsável por gerenciar tokens de autenticação em aplicativos Spring',0,76),(379,'Componente responsável por autorizar o acesso a recursos em aplicativos Spring',0,76),(380,'Nenhuma das anteriores',0,76),(381,'Conjunto de regras para autenticar um usuário em aplicativos Spring',5,77),(382,'Conjunto de regras para determinar se um usuário está autorizado a acessar um recurso',0,77),(383,'Componente responsável por armazenar dados de sessão em aplicativos Spring',0,77),(384,'Componente responsável por gerenciar tokens de autenticação em aplicativos Spring',0,77),(385,'Nenhuma das anteriores',0,77),(386,'Conjunto de regras para determinar se um usuário está autenticado e autorizado a acessar um recurso',5,78),(387,'Conjunto de regras para autenticar um usuário em aplicativos Spring',0,78),(388,'Conjunto de regras para determinar se um usuário está autorizado a acessar um recurso',0,78),(389,'Componente responsável por armazenar dados de sessão em aplicativos Spring',0,78),(390,'Nenhuma das anteriores',0,78),(391,'Componente responsável por definir as configurações de segurança em aplicativos Spring',5,79),(392,'Conjunto de regras para autenticar um usuário em aplicativos Spring',0,79),(393,'Conjunto de regras para determinar se um usuário está autenticado e autorizado a acessar um recurso',0,79),(394,'Conjunto de regras para determinar se um usuário está autorizado a acessar um recurso',0,79),(395,'Nenhuma das anteriores',0,79),(396,'Componente responsável por aplicar as configurações de segurança em aplicativos Spring',5,80),(397,'Componente responsável por definir as configurações de segurança em aplicativos Spring',0,80),(398,'Conjunto de regras para autenticar um usuário em aplicativos Spring',0,80),(399,'Conjunto de regras para determinar se um usuário está autenticado e autorizado a acessar um recurso',0,80),(400,'Nenhuma das anteriores',0,80),(401,'Componente responsável por interceptar e processar requisições de segurança em aplicativos Spring',5,81),(402,'Componente responsável por aplicar as configurações de segurança em aplicativos Spring',0,81),(403,'Componente responsável por definir as configurações de segurança em aplicativos Spring',0,81),(404,'Conjunto de regras para autenticar um usuário em aplicativos Spring',0,81),(405,'Nenhuma das anteriores',0,81),(406,'Componente responsável por gerenciar sessões de usuário em aplicativos Spring',5,82),(407,'Componente responsável por interceptar e processar requisições de segurança em aplicativos Spring',0,82),(408,'Componente responsável por aplicar as configurações de segurança em aplicativos Spring',0,82),(409,'Componente responsável por definir as configurações de segurança em aplicativos Spring',0,82),(410,'Nenhuma das anteriores',0,82),(411,'Componente responsável por gerenciar autenticação de usuários em aplicativos Spring',5,83),(412,'Componente responsável por gerenciar sessões de usuário em aplicativos Spring',0,83),(413,'Componente responsável por interceptar e processar requisições de segurança em aplicativos Spring',0,83),(414,'Componente responsável por aplicar as configurações de segurança em aplicativos Spring',0,83),(415,'Nenhuma das anteriores',0,83),(416,'Componente responsável por gerenciar autorizações de usuários em aplicativos Spring',5,84),(417,'Componente responsável por gerenciar autenticação de usuários em aplicativos Spring',0,84),(418,'Componente responsável por gerenciar sessões de usuário em aplicativos Spring',0,84),(419,'Componente responsável por interceptar e processar requisições de segurança em aplicativos Spring',0,84),(420,'Nenhuma das anteriores',0,84),(421,'Componente responsável por configurar políticas de segurança em aplicativos Spring',5,85),(422,'Componente responsável por gerenciar autorizações de usuários em aplicativos Spring',0,85),(423,'Componente responsável por gerenciar autenticação de usuários em aplicativos Spring',0,85),(424,'Componente responsável por gerenciar sessões de usuário em aplicativos Spring',0,85),(425,'Nenhuma das anteriores',0,85);